{
	"welcomeFile": "/index.html",
	"authenticationMethod": "none",
	"routes": [{
		"path": "/resources",
		"target": {
			"type": "service",
			"name": "sapui5",
			"entryPath": "/resources"
		},
		"description": "SAPUI5 Resources"
	}, {
		"path": "/test-resources",
		"target": {
			"type": "service",
			"name": "sapui5",
			"entryPath": "/test-resources"
		},
		"description": "SAPUI5 Test Resources"
	}, {
		"path": "/services/userapi",
		"target": {
			"type": "service",
			"name": "userapi"
		}
	}, {
		"path": "/destinations/SAPDEV_RFC/",
		"target": {
			"type": "destination",
			"name": "SAPDEV_RFC"
		},
		"description": "RFC"
	}],
	"sendWelcomeFileRedirect": true,
	"cacheControl": [{
		"directive": "private",
		"maxAge": 0,
		"path": "**.html"
	}, {
		"directive": "private",
		"maxAge": 0,
		"path": "sap-ui-cachebuster-info.json"
	}, {
		"directive": "public",
		"maxAge": 31536000
	}]
}